JMetalPy-SA-Fitness,JMetalPy-SA-Fuel Consumption,JMetalPy-SA-Computation Time,LS-Fitness,LS-Fuel Consumption,LS-Computation Time,GA-Fitness,GA-Fuel Consumption,GA-Computation Time,NSGAII-Fitness,NSGAII-Fuel Consumption,NSGAII-Computation Time,NSGAIII-Fitness,NSGAIII-Fuel Consumption,NSGAIII-Computation Time
394.67877031126767,331.82965411704845,0.8141064643859863,386.2328254347167,328.21682719398143,1.6038494110107422,376.2066402656226,321.1310938218842,2.4114747047424316,369.66791602703256,314.59236958329416,3.219914197921753,365.0668133858311,311.0859072032589,4.033391237258911
365.0668133858311,311.0859072032589,4.834289789199829,356.68439608088045,302.70348989830825,5.637449264526367,356.68439608088045,302.70348989830825,6.4418604373931885,351.75313232306553,297.77222614049333,7.262754201889038,351.75313232306553,297.77222614049333,8.067566633224487
336.0810692669879,285.7027570525288,8.876888513565063,336.0810692669879,285.7027570525288,9.692816734313965,336.0810692669879,285.7027570525288,10.491498231887817,324.12035037070274,273.9030465589901,11.258708477020264,324.12035037070274,273.9030465589901,12.052837371826172
324.12035037070274,273.9030465589901,12.818310260772705,324.12035037070274,273.9030465589901,13.62605881690979,317.41696000884934,267.19965619713673,14.423637866973877,303.8389305535304,254.56972747849298,15.247863531112671,303.8389305535304,254.56972747849298,16.047216653823853
293.06382909724994,243.7946260222125,16.813526153564453,293.06382909724994,243.7946260222125,17.579849004745483,291.1644990807554,241.89529600571794,18.360130548477173,291.0143917143429,243.01527475957434,19.12550139427185,291.0143917143429,243.01527475957434,19.902303218841553
290.8613193199568,242.86220236518827,20.688924312591553,290.8613193199568,242.86220236518827,21.472044229507446,290.8613193199568,242.86220236518827,22.269251585006714,290.8613193199568,242.86220236518827,23.056591033935547,290.8613193199568,242.86220236518827,23.82602024078369
290.79604117287363,242.7969242181051,24.618343353271484,289.0537901635562,240.61754918454764,25.4101345539093,289.0537901635562,240.61754918454764,26.168055534362793,289.0537901635562,240.61754918454764,26.97860813140869,289.0537901635562,240.61754918454764,27.761132955551147
289.0537901635562,240.61754918454764,28.55791163444519,289.0537901635562,240.61754918454764,29.41575860977173,289.0537901635562,240.61754918454764,30.241644144058228,287.0231767012037,239.9042829524299,31.06917977333069,287.0231767012037,239.9042829524299,31.90689492225647
287.0231767012037,239.9042829524299,32.656795263290405,286.7784139526916,242.6125765566198,33.41020321846008,286.7784139526916,242.6125765566198,34.20439958572388,286.7784139526916,242.6125765566198,34.98842239379883,286.7784139526916,242.6125765566198,35.75313949584961
286.7784139526916,242.6125765566198,36.58197903633118,286.7784139526916,242.6125765566198,37.38984775543213,284.94451040866556,240.77867301259377,38.18391156196594,284.94451040866556,240.77867301259377,39.03158736228943,284.94451040866556,240.77867301259377,39.83391785621643
284.94451040866556,240.77867301259377,40.61803960800171,284.94451040866556,240.77867301259377,41.468846797943115,284.94451040866556,240.77867301259377,42.28666424751282,284.94451040866556,240.77867301259377,43.11741542816162,281.39493722383565,237.22909982776386,43.934789180755615
281.39493722383565,237.22909982776386,44.74337649345398,281.39493722383565,237.22909982776386,45.538100719451904,281.39493722383565,237.22909982776386,46.34978747367859,281.39493722383565,237.22909982776386,47.108720779418945,280.212155231358,236.0463178352862,47.861432790756226
279.6000128819941,235.43417548592228,48.632975816726685,279.6000128819941,235.43417548592228,49.4318950176239,279.6000128819941,235.43417548592228,50.24355387687683,279.6000128819941,235.43417548592228,51.08115100860596,279.6000128819941,235.43417548592228,51.87835335731506
279.6000128819941,235.43417548592228,52.718966484069824,277.56237257354815,233.39653517747635,53.48513317108154,277.56237257354815,233.39653517747635,54.27172636985779,277.56237257354815,233.39653517747635,55.03071904182434,275.69204477039693,231.52620737432514,55.82590341567993
275.69204477039693,231.52620737432514,56.61835813522339,275.69204477039693,231.52620737432514,57.37666082382202,275.69204477039693,231.52620737432514,58.13644862174988,275.69204477039693,231.52620737432514,58.887157917022705,275.69204477039693,231.52620737432514,59.65123009681702
275.69204477039693,231.52620737432514,60.41717076301575,275.69204477039693,231.52620737432514,61.20091676712036,275.69204477039693,231.52620737432514,61.99186992645264,272.1325785599932,230.26284568771618,62.77159237861633,272.1325785599932,230.26284568771618,63.54662346839905
272.1325785599932,230.26284568771618,64.30336284637451,268.0224315061556,226.1526986338786,65.06190133094788,268.0224315061556,226.1526986338786,65.81878328323364,264.9196930414426,223.11964984896028,66.58748745918274,264.9196930414426,223.11964984896028,67.3504741191864
264.9196930414426,223.11964984896028,68.10783958435059,264.9196930414426,223.11964984896028,68.87045383453369,264.9196930414426,223.11964984896028,69.6723997592926,264.9196930414426,223.11964984896028,70.43878602981567,264.9196930414426,223.11964984896028,71.2118148803711
264.9196930414426,223.11964984896028,71.96263837814331,264.9196930414426,223.11964984896028,72.71152091026306,264.9196930414426,223.11964984896028,73.46798419952393,264.9196930414426,223.11964984896028,74.22803330421448,264.9196930414426,223.11964984896028,74.9975643157959
264.9196930414426,223.11964984896028,75.74882078170776,264.9196930414426,223.11964984896028,76.51196098327637,264.9196930414426,223.11964984896028,77.29332041740417,264.9196930414426,223.11964984896028,78.07417249679565,264.4787528597905,222.6787096673082,78.84151029586792
258.5026577686943,216.70261457621194,79.60468578338623,258.5026577686943,216.70261457621194,80.36042165756226,253.80088482990644,213.05510149943754,81.1385657787323,253.80088482990644,213.05510149943754,81.90339493751526,253.80088482990644,213.05510149943754,82.66002202033997
253.80088482990644,213.05510149943754,83.41944527626038,253.80088482990644,213.05510149943754,84.20663404464722,253.80088482990644,213.05510149943754,84.98177576065063,253.80088482990644,213.05510149943754,85.74752140045166,253.80088482990644,213.05510149943754,86.51877570152283
253.80088482990644,213.05510149943754,87.2925238609314,253.80088482990644,213.05510149943754,88.12620902061462,253.80088482990644,213.05510149943754,88.88407850265503,253.80088482990644,213.05510149943754,89.68178677558899,253.80088482990644,213.05510149943754,90.5088312625885
253.80088482990644,213.05510149943754,91.30875492095947,253.80088482990644,213.05510149943754,92.116384267807,253.80088482990644,213.05510149943754,92.94073510169983,251.84477676420897,211.09899343374008,93.72946882247925,251.84477676420897,211.09899343374008,94.51171207427979
249.93211557426514,209.18633224379624,95.27469158172607,249.93211557426514,209.18633224379624,96.03488445281982,249.93211557426514,209.18633224379624,96.84134697914124,249.93211557426514,209.18633224379624,97.65095281600952,247.49258264995603,207.0506558031369,98.45185708999634
247.49258264995603,207.0506558031369,99.24166369438171,247.49258264995603,207.0506558031369,100.03898882865906,247.49258264995603,207.0506558031369,100.80583190917969,247.49258264995603,207.0506558031369,101.5914614200592,247.49258264995603,207.0506558031369,102.37427997589111
239.38560885661886,198.94368200979972,103.1922459602356,239.38560885661886,198.94368200979972,103.98443865776062,239.38560885661886,198.94368200979972,104.82138729095459,239.38560885661886,198.94368200979972,105.72102642059326,239.38560885661886,198.94368200979972,106.55338740348816
239.38560885661886,198.94368200979972,107.36086821556091,239.38560885661886,198.94368200979972,108.21123600006104,239.38560885661886,198.94368200979972,108.97669172286987,239.38560885661886,198.94368200979972,109.840660572052,239.38560885661886,198.94368200979972,110.62642073631287
239.38560885661886,198.94368200979972,111.45709776878357,239.38560885661886,198.94368200979972,112.24267959594727,239.38560885661886,198.94368200979972,113.01345419883728,239.38560885661886,198.94368200979972,113.77560949325562,239.38560885661886,198.94368200979972,114.57436347007751
239.38560885661886,198.94368200979972,115.3390383720398,236.97052822198808,196.52860137516893,116.14669680595398,236.97052822198808,196.52860137516893,116.98495650291443,236.97052822198808,196.52860137516893,117.76343011856079,236.97052822198808,196.52860137516893,118.5487847328186
236.97052822198808,196.52860137516893,119.3399875164032,236.97052822198808,196.52860137516893,120.13424587249756,236.97052822198808,196.52860137516893,120.92026019096375,236.97052822198808,196.52860137516893,121.6998462677002,236.97052822198808,196.52860137516893,122.46745944023132
236.97052822198808,196.52860137516893,123.23729729652405,236.97052822198808,196.52860137516893,124.02443957328796,236.97052822198808,196.52860137516893,124.7948808670044,236.97052822198808,196.52860137516893,125.57036995887756,234.37201879971195,192.49141129208596,126.3353865146637
234.37201879971195,192.49141129208596,127.09297919273376,234.37201879971195,192.49141129208596,127.87108254432678,234.37201879971195,192.49141129208596,128.64912462234497,233.97293055606545,192.2058105890577,129.40961456298828,233.97293055606545,192.2058105890577,130.1760311126709
233.97293055606545,192.2058105890577,130.957368850708,233.97293055606545,192.2058105890577,131.71304726600647,233.97293055606545,192.2058105890577,132.47720575332642,233.97293055606545,192.2058105890577,133.2268283367157,233.0333730249081,191.26625305790034,133.9825279712677
233.0333730249081,191.26625305790034,134.74194622039795,233.0333730249081,191.26625305790034,135.5136387348175,233.0333730249081,191.26625305790034,136.2768759727478,233.0333730249081,191.26625305790034,137.04606413841248,233.0333730249081,191.26625305790034,137.85635924339294
233.0333730249081,191.26625305790034,138.61623358726501,233.0333730249081,191.26625305790034,139.391943693161,233.0333730249081,191.26625305790034,140.18889474868774,233.0333730249081,191.26625305790034,140.95974493026733,233.0333730249081,191.26625305790034,141.71777534484863
233.0333730249081,191.26625305790034,142.5217924118042,233.0333730249081,191.26625305790034,143.34252619743347,233.0333730249081,191.26625305790034,144.153959274292,233.0333730249081,191.26625305790034,145.0194447040558,233.0333730249081,191.26625305790034,145.897931098938
233.0333730249081,191.26625305790034,146.70800948143005,233.0333730249081,191.26625305790034,147.55097436904907,233.0333730249081,191.26625305790034,148.32151436805725,233.0333730249081,191.26625305790034,149.10698890686035,233.0333730249081,191.26625305790034,149.8687400817871
233.0333730249081,191.26625305790034,150.64645075798035,233.0333730249081,191.26625305790034,151.4002013206482,233.0333730249081,191.26625305790034,152.14861845970154,233.0333730249081,191.26625305790034,152.9138584136963,233.0333730249081,191.26625305790034,153.7241611480713
233.0333730249081,191.26625305790034,154.4869794845581,233.0333730249081,191.26625305790034,155.26414728164673,233.0333730249081,191.26625305790034,156.05061268806458,233.0333730249081,191.26625305790034,156.8029818534851,233.0333730249081,191.26625305790034,157.57976961135864
233.0333730249081,191.26625305790034,158.3375120162964,233.0333730249081,191.26625305790034,159.1091752052307,233.0333730249081,191.26625305790034,159.8726043701172,230.7361978263156,188.96907785930784,160.61904096603394,230.7361978263156,188.96907785930784,161.37329268455505
230.7361978263156,188.96907785930784,162.1385588645935,230.7361978263156,188.96907785930784,162.90514302253723,229.5826519058622,187.81553193885446,163.66201949119568,229.5826519058622,187.81553193885446,164.41448664665222,229.5826519058622,187.81553193885446,165.2060444355011
229.5826519058622,187.81553193885446,165.98382449150085,229.5826519058622,187.81553193885446,166.82684516906738,229.5826519058622,187.81553193885446,167.66757702827454,229.5826519058622,187.81553193885446,168.4532446861267,228.74364773344539,186.97652776643764,169.22118973731995
228.74364773344539,186.97652776643764,170.01340532302856,228.74364773344539,186.97652776643764,170.86242055892944,228.74364773344539,186.97652776643764,171.65796875953674,228.74364773344539,186.97652776643764,172.45827412605286,228.74364773344539,186.97652776643764,173.25410294532776
228.74364773344539,186.97652776643764,174.03086161613464,228.74364773344539,186.97652776643764,174.8227777481079,228.74364773344539,186.97652776643764,175.60832834243774,228.74364773344539,186.97652776643764,176.36135625839233,228.74364773344539,186.97652776643764,177.15457010269165
228.74364773344539,186.97652776643764,177.93585729599,228.74364773344539,186.97652776643764,178.69709372520447,228.74364773344539,186.97652776643764,179.51026844978333,228.74364773344539,186.97652776643764,180.27050471305847,228.74364773344539,186.97652776643764,181.04992818832397
228.74364773344539,186.97652776643764,181.82660675048828,228.74364773344539,186.97652776643764,182.58030700683594,228.74364773344539,186.97652776643764,183.41081619262695,228.74364773344539,186.97652776643764,184.18427658081055,228.74364773344539,186.97652776643764,184.9803433418274
228.74364773344539,186.97652776643764,185.7583167552948,228.74364773344539,186.97652776643764,186.55604815483093,228.74364773344539,186.97652776643764,187.31264972686768,228.74364773344539,186.97652776643764,188.12611556053162,228.74364773344539,186.97652776643764,188.8969223499298
228.74364773344539,186.97652776643764,189.67137265205383,228.74364773344539,186.97652776643764,190.43690490722656,228.74364773344539,186.97652776643764,191.20235967636108,228.74364773344539,186.97652776643764,191.99089574813843,228.74364773344539,186.97652776643764,192.7505223751068
228.74364773344539,186.97652776643764,193.50401282310486,228.74364773344539,186.97652776643764,194.28132510185242,228.30086136582585,186.5337413988181,195.03135466575623,228.30086136582585,186.5337413988181,195.78635454177856,228.30086136582585,186.5337413988181,196.55463361740112
429.2999470022037,349.1199265014635,0.7863123416900635,401.75720399323023,327.11051288490984,1.5273680686950684,392.32184833438356,317.67515722606316,2.2792446613311768,389.0613693778181,314.4146782694977,3.030363082885742,371.4838706744054,308.29893494020877,3.780289649963379
349.1775483310534,289.899180732684,4.596522808074951,328.3112432371409,271.03792526958796,5.402257680892944,327.05312315366945,269.7798051861165,6.194275379180908,321.9796047114072,266.0406739884696,7.027182102203369,321.9796047114072,266.0406739884696,7.81129002571106
313.35494373813265,262.1737786459236,8.582997560501099,313.35494373813265,262.1737786459236,9.354933261871338,306.0847621536583,250.1918114614735,10.11417818069458,306.0847621536583,250.1918114614735,10.926445960998535,306.0847621536583,250.1918114614735,11.744457244873047
306.0847621536583,250.1918114614735,12.576784610748291,303.9804161791858,252.15218160462518,13.383479118347168,302.278193644036,250.44995906947537,14.148465394973755,302.00440460934,250.17617003477937,14.930588722229004,302.00440460934,250.17617003477937,15.71370553970337
302.00440460934,250.17617003477937,16.480227947235107,291.4101454855295,240.16079175642594,17.25562357902527,291.4101454855295,240.16079175642594,18.07059407234192,291.4101454855295,240.16079175642594,18.891947269439697,291.4101454855295,240.16079175642594,19.65939950942993
291.4101454855295,240.16079175642594,20.420674085617065,289.8193025594895,238.56994883038593,21.30078959465027,288.61141102884153,237.36205729973798,22.0612895488739,283.65446729084755,233.93731764136933,22.81240487098694,283.65446729084755,233.93731764136933,23.629656076431274
283.65446729084755,233.93731764136933,24.377728939056396,283.65446729084755,233.93731764136933,25.128130197525024,283.65446729084755,233.93731764136933,25.97695827484131,283.65446729084755,233.93731764136933,26.76158618927002,283.65446729084755,233.93731764136933,27.535053253173828
283.65446729084755,233.93731764136933,28.307309865951538,283.65446729084755,233.93731764136933,29.230578899383545,283.65446729084755,233.93731764136933,30.02195954322815,283.65446729084755,233.93731764136933,30.80292844772339,283.65446729084755,233.93731764136933,31.631815195083618
280.1044348937722,232.16230144283165,32.474077463150024,280.1044348937722,232.16230144283165,33.26800012588501,280.1044348937722,232.16230144283165,34.072792053222656,280.1044348937722,232.16230144283165,34.85989427566528,280.1044348937722,232.16230144283165,35.706355810165405
277.57820491745804,230.89918645467458,36.49725866317749,277.57820491745804,230.89918645467458,37.31220555305481,277.57820491745804,230.89918645467458,38.08017706871033,277.57820491745804,230.89918645467458,38.91130256652832,277.57820491745804,230.89918645467458,39.724669218063354
277.57820491745804,230.89918645467458,40.53394842147827,277.57820491745804,230.89918645467458,41.3244686126709,277.57820491745804,230.89918645467458,42.15892744064331,273.9744065662428,230.86284257182237,42.97190260887146,273.3365766560368,230.2107525390945,43.784648418426514
273.3365766560368,230.2107525390945,44.5717294216156,273.3365766560368,230.2107525390945,45.38769459724426,273.3365766560368,230.2107525390945,46.15521740913391,273.3365766560368,230.2107525390945,46.988537073135376,273.3365766560368,230.2107525390945,47.79448986053467
273.3365766560368,230.2107525390945,48.55999827384949,273.3365766560368,230.2107525390945,49.33070731163025,273.3365766560368,230.2107525390945,50.10945701599121,273.3365766560368,230.2107525390945,50.87606596946716,273.3365766560368,230.2107525390945,51.63073396682739
273.3365766560368,230.2107525390945,52.40655183792114,273.3365766560368,230.2107525390945,53.15980625152588,270.80638398747533,227.680559870533,53.965229511260986,270.80638398747533,227.680559870533,54.7444908618927,270.80638398747533,227.680559870533,55.518409729003906
269.5707914669094,226.83870308378644,56.289212703704834,269.5707914669094,226.83870308378644,57.03362441062927,269.5707914669094,226.83870308378644,57.79355025291443,269.5707914669094,226.83870308378644,58.56805610656738,269.5707914669094,226.83870308378644,59.376797914505005
266.2496772055153,223.51758882239236,60.152194023132324,266.2496772055153,223.51758882239236,60.91435647010803,266.2496772055153,223.51758882239236,61.67712068557739,266.2496772055153,223.51758882239236,62.43716859817505,266.2496772055153,223.51758882239236,63.19233822822571
266.2496772055153,223.51758882239236,63.949854612350464,266.2496772055153,223.51758882239236,64.71712136268616,266.2496772055153,223.51758882239236,65.46959090232849,266.2496772055153,223.51758882239236,66.22224545478821,266.2496772055153,223.51758882239236,66.97596836090088
266.2496772055153,223.51758882239236,67.72682809829712,266.2496772055153,223.51758882239236,68.48190832138062,266.19881428732396,223.466725904201,69.24639678001404,266.19881428732396,223.466725904201,70.0215311050415,266.19881428732396,223.466725904201,70.81269812583923
266.11932058681884,223.3872322036959,71.56573843955994,266.11932058681884,223.3872322036959,72.32551503181458,266.11932058681884,223.3872322036959,73.13688564300537,266.11932058681884,223.3872322036959,73.93092656135559,266.11932058681884,223.3872322036959,74.74657702445984
266.11932058681884,223.3872322036959,75.55421876907349,266.11932058681884,223.3872322036959,76.38394141197205,266.11932058681884,223.3872322036959,77.17310214042664,265.23974766301905,221.57521490545938,77.97261452674866,265.23974766301905,221.57521490545938,78.7474935054779
265.23974766301905,221.57521490545938,79.64231276512146,265.23974766301905,221.57521490545938,80.46112537384033,265.23974766301905,221.57521490545938,81.28173923492432,265.23974766301905,221.57521490545938,82.07286071777344,265.23974766301905,221.57521490545938,82.83744740486145
265.23974766301905,221.57521490545938,83.61178159713745,262.9074058498519,219.24287309229226,84.36895298957825,262.9074058498519,219.24287309229226,85.13397789001465,262.9074058498519,219.24287309229226,85.91322922706604,262.9074058498519,219.24287309229226,86.67510533332825
262.9074058498519,219.24287309229226,87.43364310264587,262.9074058498519,219.24287309229226,88.24750280380249,260.9355685658009,217.27103580824124,89.01126027107239,260.5128910513085,216.84835829374884,89.75934100151062,258.76807717332787,215.10354441576823,90.54723501205444
258.76807717332787,215.10354441576823,91.32636451721191,258.76807717332787,215.10354441576823,92.08060479164124,258.76807717332787,215.10354441576823,92.83834195137024,258.76807717332787,215.10354441576823,93.62356376647949,258.76807717332787,215.10354441576823,94.41987490653992
258.76807717332787,215.10354441576823,95.22443342208862,258.76807717332787,215.10354441576823,95.99498844146729,258.76807717332787,215.10354441576823,96.77737379074097,258.76807717332787,215.10354441576823,97.57854771614075,258.76807717332787,215.10354441576823,98.39169764518738
258.76807717332787,215.10354441576823,99.20600175857544,258.76807717332787,215.10354441576823,100.03613638877869,258.76807717332787,215.10354441576823,100.84264659881592,258.76807717332787,215.10354441576823,101.59774279594421,258.76807717332787,215.10354441576823,102.35158395767212
258.2126441135892,214.54811135602952,103.13510370254517,253.1006096245138,212.35001923233972,103.89505910873413,252.74592190291725,211.99533151074317,104.69130206108093,252.74592190291725,211.99533151074317,105.49069213867188,252.58722012583567,211.8366297336616,106.3708848953247
252.58722012583567,211.8366297336616,107.17588758468628,252.58722012583567,211.8366297336616,108.01436495780945,252.58722012583567,211.8366297336616,108.8304660320282,252.58722012583567,211.8366297336616,109.6013388633728,252.58722012583567,211.8366297336616,110.39303278923035
252.58722012583567,211.8366297336616,111.18919587135315,252.58722012583567,211.8366297336616,111.96143913269043,252.58722012583567,211.8366297336616,112.75061988830566,252.58722012583567,211.8366297336616,113.54215931892395,252.58722012583567,211.8366297336616,114.33453702926636
252.58722012583567,211.8366297336616,115.09913682937622,249.33907834355207,208.588487951378,115.88585591316223,249.33907834355207,208.588487951378,116.65456175804138,249.33907834355207,208.588487951378,117.41697907447815,249.33907834355207,208.588487951378,118.20653367042542
249.33907834355207,208.588487951378,118.98256349563599,247.60017566847313,206.84958527629905,119.75050210952759,247.60017566847313,206.84958527629905,120.50941467285156,245.47471783878734,204.4133810222483,121.27214503288269,245.47471783878734,204.4133810222483,122.05503368377686
245.47471783878734,204.4133810222483,122.84642958641052,243.92427068938878,202.86293387284974,123.65852904319763,243.92427068938878,202.86293387284974,124.47363448143005,243.92427068938878,202.86293387284974,125.26107597351074,243.92427068938878,202.86293387284974,126.11665415763855
243.92427068938878,202.86293387284974,126.90064835548401,243.92427068938878,202.86293387284974,127.70138740539551,243.92427068938878,202.86293387284974,128.52982711791992,243.92427068938878,202.86293387284974,129.38036465644836,243.92427068938878,202.86293387284974,130.15398716926575
243.92427068938878,202.86293387284974,130.93573141098022,243.92427068938878,202.86293387284974,131.71068215370178,243.92427068938878,202.86293387284974,132.47861576080322,243.92427068938878,202.86293387284974,133.26690697669983,243.92427068938878,202.86293387284974,134.05436968803406
240.54878001758948,199.48744320105044,134.8455467224121,240.54878001758948,199.48744320105044,135.5999414920807,240.54878001758948,199.48744320105044,136.35269737243652,240.54878001758948,199.48744320105044,137.12076926231384,240.54878001758948,199.48744320105044,137.90174770355225
240.54878001758948,199.48744320105044,138.67986273765564,240.54878001758948,199.48744320105044,139.47347784042358,240.54878001758948,199.48744320105044,140.2321319580078,240.54878001758948,199.48744320105044,141.00928831100464,240.54878001758948,199.48744320105044,141.78212094306946
240.54878001758948,199.48744320105044,142.55828952789307,240.54878001758948,199.48744320105044,143.32061886787415,240.54878001758948,199.48744320105044,144.0814986228943,240.54878001758948,199.48744320105044,144.8362877368927,240.54878001758948,199.48744320105044,145.60093808174133
240.54878001758948,199.48744320105044,146.3559353351593,240.54878001758948,199.48744320105044,147.12376165390015,237.84602443257313,196.7846876160341,147.88828945159912,237.84602443257313,196.7846876160341,148.64776706695557,237.84602443257313,196.7846876160341,149.4443428516388
237.84602443257313,196.7846876160341,150.37850546836853,237.84602443257313,196.7846876160341,151.1642701625824,237.84602443257313,196.7846876160341,151.94066977500916,237.84602443257313,196.7846876160341,152.70956468582153,237.84602443257313,196.7846876160341,153.5589189529419
237.84602443257313,196.7846876160341,154.41822242736816,237.84602443257313,196.7846876160341,155.22492861747742,237.84602443257313,196.7846876160341,156.00160574913025,237.84602443257313,196.7846876160341,156.80250906944275,237.84602443257313,196.7846876160341,157.59318900108337
237.84602443257313,196.7846876160341,158.39567589759827,237.84602443257313,196.7846876160341,159.19225764274597,237.84602443257313,196.7846876160341,159.96861839294434,237.38501075725122,196.32367394071218,160.75111556053162,237.38501075725122,196.32367394071218,161.55404472351074
237.38501075725122,196.32367394071218,162.35089302062988,237.38501075725122,196.32367394071218,163.1317880153656,237.38501075725122,196.32367394071218,163.89468455314636,237.38501075725122,196.32367394071218,164.65129685401917,237.38501075725122,196.32367394071218,165.4155638217926
237.38501075725122,196.32367394071218,166.16404104232788,237.38501075725122,196.32367394071218,166.9062638282776,237.38501075725122,196.32367394071218,167.68016648292542,237.38501075725122,196.32367394071218,168.47668862342834,237.38501075725122,196.32367394071218,169.31731128692627
237.38501075725122,196.32367394071218,170.08221626281738,237.38501075725122,196.32367394071218,170.92209315299988,237.38501075725122,196.32367394071218,171.74568104743958,237.38501075725122,196.32367394071218,172.5106279850006,232.83567085475093,193.65350479068883,173.28631496429443
232.83567085475093,193.65350479068883,174.05717992782593,232.83567085475093,193.65350479068883,174.8821017742157,232.83567085475093,193.65350479068883,175.6512541770935,232.69422721365316,193.51206114959106,176.4117980003357,232.69422721365316,193.51206114959106,177.19618225097656
232.69422721365316,193.51206114959106,177.98039507865906,232.69422721365316,193.51206114959106,178.74913048744202,232.69422721365316,193.51206114959106,179.52042818069458,232.69422721365316,193.51206114959106,180.2758960723877,232.69422721365316,193.51206114959106,181.0321455001831
232.69422721365316,193.51206114959106,181.8210084438324,232.69422721365316,193.51206114959106,182.58104634284973,232.69422721365316,193.51206114959106,183.3434636592865,232.69422721365316,193.51206114959106,184.10671377182007,232.69422721365316,193.51206114959106,184.88429975509644
232.69422721365316,193.51206114959106,185.63450026512146,232.69422721365316,193.51206114959106,186.43267631530762,232.69422721365316,193.51206114959106,187.21142601966858,232.69422721365316,193.51206114959106,188.0017056465149,232.69422721365316,193.51206114959106,188.83393931388855
232.69422721365316,193.51206114959106,189.64251017570496,232.69422721365316,193.51206114959106,190.41900181770325,232.69422721365316,193.51206114959106,191.2012836933136,232.69422721365316,193.51206114959106,191.9619996547699,232.69422721365316,193.51206114959106,192.7452404499054
232.69422721365316,193.51206114959106,193.50737524032593,232.69422721365316,193.51206114959106,194.2954752445221,232.69422721365316,193.51206114959106,195.0534222126007,232.69422721365316,193.51206114959106,195.82433366775513,232.69422721365316,193.51206114959106,196.5795702934265
429.26650592750536,349.0864854267652,0.1700439453125,394.48103274898614,330.03685790175547,0.3596770763397217,394.48103274898614,330.03685790175547,0.5322062969207764,394.48103274898614,330.03685790175547,0.7056336402893066,377.2273426793568,317.4588118137129,0.8812401294708252
377.2273426793568,317.4588118137129,1.0599157810211182,377.2273426793568,317.4588118137129,1.276677131652832,377.2273426793568,317.4588118137129,1.4718036651611328,368.4406786439929,302.35261737112785,1.6443302631378174,368.4406786439929,302.35261737112785,1.8543117046356201
353.3008649089066,293.53233404326267,2.016629457473755,353.3008649089066,293.53233404326267,2.1830742359161377,329.6620711271178,269.8935402614739,2.3627312183380127,329.6620711271178,269.8935402614739,2.5402164459228516,329.6620711271178,269.8935402614739,2.714876413345337
329.6620711271178,269.8935402614739,2.892122983932495,329.6620711271178,269.8935402614739,3.0829551219940186,329.6620711271178,269.8935402614739,3.2534728050231934,315.92453857639686,260.38851435938716,3.4205808639526367,315.92453857639686,260.38851435938716,3.584171772003174
315.92453857639686,260.38851435938716,3.7508161067962646,315.92453857639686,260.38851435938716,3.931617259979248,315.92453857639686,260.38851435938716,4.105490207672119,315.92453857639686,260.38851435938716,4.271541357040405,315.92453857639686,260.38851435938716,4.4447150230407715
315.92453857639686,260.38851435938716,4.6197240352630615,315.92453857639686,260.38851435938716,4.789496660232544,310.62400186894456,255.08797765193484,4.975452423095703,310.62400186894456,255.08797765193484,5.150809049606323,310.62400186894456,255.08797765193484,5.317559719085693
310.62400186894456,255.08797765193484,5.490868806838989,310.62400186894456,255.08797765193484,5.666844844818115,310.62400186894456,255.08797765193484,5.843524694442749,310.62400186894456,255.08797765193484,6.003937005996704,310.62400186894456,255.08797765193484,6.171446084976196
310.62400186894456,255.08797765193484,6.340477466583252,310.62400186894456,255.08797765193484,6.509683847427368,310.62400186894456,255.08797765193484,6.6953229904174805,307.4040640409783,251.8680398239686,6.877295255661011,306.3097754185128,253.37544691697295,7.056169509887695
305.90163667540924,250.3656124583995,7.2306718826293945,305.118580782184,249.58255656517426,7.418752670288086,305.118580782184,249.58255656517426,7.59497857093811,305.118580782184,249.58255656517426,7.7679948806762695,305.0148659148984,249.47884169788867,7.938452482223511
301.0092387110605,248.07491020952065,8.11533498764038,301.0092387110605,248.07491020952065,8.289415836334229,301.0092387110605,248.07491020952065,8.469025373458862,294.86525087858786,242.25886969468107,8.640032291412354,294.86525087858786,242.25886969468107,8.830864191055298
294.86525087858786,242.25886969468107,9.004157304763794,293.63504452384126,241.02866333993447,9.197217226028442,293.63504452384126,241.02866333993447,9.3795166015625,288.5694769444906,237.9117606297684,9.556127786636353,288.337536145743,237.6798198310208,9.74684476852417
288.337536145743,237.6798198310208,9.92472529411316,288.337536145743,237.6798198310208,10.099447250366211,288.337536145743,237.6798198310208,10.299535989761353,286.2967283693556,235.34987133228222,10.463487148284912,286.2967283693556,235.34987133228222,10.630756378173828
278.4206674519555,231.63408944198605,10.807486534118652,278.04175811023646,230.0128456119493,10.983409404754639,278.04175811023646,230.0128456119493,11.146006107330322,278.04175811023646,230.0128456119493,11.312856197357178,278.04175811023646,230.0128456119493,11.49846363067627
278.04175811023646,230.0128456119493,11.670186519622803,276.45701801010574,228.4281055118186,11.845399856567383,275.7841308539252,227.2523805327459,12.012566566467285,275.7841308539252,227.2523805327459,12.179251670837402,273.39350676978887,225.47032643985963,12.345857381820679
270.17935985882787,222.1504473605407,12.511429786682129,270.17935985882787,222.1504473605407,12.690270900726318,267.25374849705315,221.08927916865625,12.86479115486145,267.25374849705315,221.08927916865625,13.043984174728394,267.25374849705315,221.08927916865625,13.215345621109009
266.49477670634826,216.29001799497277,13.40158748626709,265.8139833705399,218.06220071561407,13.588798999786377,265.8139833705399,218.06220071561407,13.782070398330688,264.83849786797293,216.9153175380437,13.946195840835571,264.83849786797293,216.9153175380437,14.11984133720398
264.83849786797293,216.9153175380437,14.289660692214966,264.4360482216764,219.80090382455182,14.451311111450195,254.30119539676508,206.54941274183923,14.63438892364502,254.30119539676508,206.54941274183923,14.806705713272095,254.30119539676508,206.54941274183923,14.976036310195923
254.30119539676508,206.54941274183923,15.137179374694824,254.30119539676508,206.54941274183923,15.314193964004517,252.34867151427022,206.18420218587332,15.477934122085571,252.34867151427022,206.18420218587332,15.652906656265259,252.34867151427022,206.18420218587332,15.82486367225647
252.34867151427022,206.18420218587332,15.989351034164429,252.34867151427022,206.18420218587332,16.16058588027954,252.34867151427022,206.18420218587332,16.31769347190857,250.54896303207644,204.38449370367954,16.480263471603394,250.54896303207644,204.38449370367954,16.64333724975586
250.54896303207644,204.38449370367954,16.834407329559326,250.54896303207644,204.38449370367954,16.995670557022095,250.54896303207644,204.38449370367954,17.150161504745483,250.54896303207644,204.38449370367954,17.309378385543823,250.54896303207644,204.38449370367954,17.492863178253174
249.1799091360093,209.97721578842416,17.672121047973633,249.1799091360093,209.97721578842416,17.828624486923218,249.1799091360093,209.97721578842416,17.99457573890686,249.1799091360093,209.97721578842416,18.154635429382324,247.38020065381548,208.17750730623035,18.3279128074646
245.31526208454443,201.76764322991355,18.49948287010193,245.31526208454443,201.76764322991355,18.675428867340088,245.31526208454443,201.76764322991355,18.838863372802734,245.31526208454443,201.76764322991355,19.007965326309204,244.97963623658197,201.48905990526237,19.19883966445923
244.97963623658197,201.48905990526237,19.400264978408813,242.46098278131203,198.97040644999242,19.56908369064331,240.616910196029,197.06929134139813,19.737067937850952,240.616910196029,197.06929134139813,19.91124939918518,240.616910196029,197.06929134139813,20.076622009277344
240.616910196029,197.06929134139813,20.24104404449463,240.616910196029,197.06929134139813,20.412704944610596,240.616910196029,197.06929134139813,20.599721908569336,238.94006885725466,195.39245000262378,20.771039724349976,237.9350160156234,194.88992358180815,20.971229553222656
237.9350160156234,194.88992358180815,21.147352933883667,237.64951300667983,199.34909351184476,21.322099924087524,236.45493763546088,192.96436130414128,21.47617745399475,236.45493763546088,192.96436130414128,21.637261152267456,236.45493763546088,192.96436130414128,21.79951548576355
236.45493763546088,192.96436130414128,21.961366891860962,236.45493763546088,192.96436130414128,22.137712955474854,236.45493763546088,192.96436130414128,22.300276517868042,236.45493763546088,192.96436130414128,22.463731288909912,236.45493763546088,192.96436130414128,22.646256685256958
236.45493763546088,192.96436130414128,22.821821212768555,236.45493763546088,192.96436130414128,22.985106706619263,236.43482157780429,192.94424524648468,23.16340947151184,236.43482157780429,192.94424524648468,23.325711250305176,232.99709599711667,194.6966765022816,23.492796421051025
230.0011391290132,193.06446504134246,23.665345191955566,230.0011391290132,193.06446504134246,23.824138641357422,230.0011391290132,193.06446504134246,23.97995400428772,230.0011391290132,193.06446504134246,24.152409076690674,230.0011391290132,193.06446504134246,24.33315110206604
230.0011391290132,193.06446504134246,24.498126983642578,230.0011391290132,193.06446504134246,24.65891432762146,230.0011391290132,193.06446504134246,24.8167507648468,230.0011391290132,193.06446504134246,24.987205982208252,229.95496052801974,193.0612526050417,25.15632700920105
225.83485846427124,188.89818437660048,25.316174030303955,224.77366531920595,187.6544142053217,25.48632311820984,224.77366531920595,187.6544142053217,25.65780544281006,224.77366531920595,187.6544142053217,25.842427492141724,224.77366531920595,187.6544142053217,26.027756452560425
224.77366531920595,187.6544142053217,26.22641658782959,224.77366531920595,187.6544142053217,26.39747953414917,224.77366531920595,187.6544142053217,26.595913887023926,224.77366531920595,187.6544142053217,26.78298330307007,224.77366531920595,187.6544142053217,26.950881958007812
224.77366531920595,187.6544142053217,27.11839246749878,224.28752897438474,187.1682778605005,27.31065607070923,224.28752897438474,187.1682778605005,27.48814558982849,224.28752897438474,187.1682778605005,27.67700505256653,224.28752897438474,187.1682778605005,27.84771180152893
224.14177323888333,187.764805025143,28.0232834815979,224.14177323888333,187.764805025143,28.192721605300903,224.14177323888333,187.764805025143,28.35641598701477,224.14177323888333,187.764805025143,28.537011861801147,222.88289792658153,185.29631199681126,28.731871128082275
222.4580298636551,186.08106164991477,28.92884635925293,222.4580298636551,186.08106164991477,29.101128339767456,222.4580298636551,186.08106164991477,29.271265268325806,222.4580298636551,186.08106164991477,29.43990182876587,221.9718935188339,185.59492530509357,29.62260127067566
221.9718935188339,185.59492530509357,29.794621229171753,221.9718935188339,185.59492530509357,29.975306749343872,221.9718935188339,185.59492530509357,30.15072250366211,221.9718935188339,185.59492530509357,30.33349323272705,221.9718935188339,185.59492530509357,30.504470348358154
221.9718935188339,185.59492530509357,30.667860746383667,221.6495519788636,184.06296604909332,30.833683967590332,221.57453468509843,183.98794875532815,31.011661052703857,221.57453468509843,183.98794875532815,31.185712575912476,221.57453468509843,183.98794875532815,31.343276739120483
221.57453468509843,183.98794875532815,31.511749982833862,221.57453468509843,183.98794875532815,31.683398485183716,221.57453468509843,183.98794875532815,31.85859179496765,221.57453468509843,183.98794875532815,32.03136658668518,221.57453468509843,183.98794875532815,32.207006216049194
221.57453468509843,183.98794875532815,32.384371757507324,220.21412602235046,182.62754009258018,32.5608127117157,220.21412602235046,182.62754009258018,32.721471309661865,220.21412602235046,182.62754009258018,32.88345146179199,220.21412602235046,182.62754009258018,33.04150867462158
220.13910872858528,182.552522798815,33.20691752433777,220.13910872858528,182.552522798815,33.38170003890991,220.13910872858528,182.552522798815,33.548521280288696,220.13910872858528,182.552522798815,33.72022223472595,220.13910872858528,182.552522798815,33.88706946372986
220.13910872858528,182.552522798815,34.06053972244263,219.20647850503747,183.24770671463284,34.22900938987732,210.98888694933677,173.4023010195665,34.39245843887329,210.98888694933677,173.4023010195665,34.5554575920105,210.98888694933677,173.4023010195665,34.73037552833557
210.98888694933677,173.4023010195665,34.91921830177307,210.98888694933677,173.4023010195665,35.10434079170227,210.98888694933677,173.4023010195665,35.274335622787476,210.98888694933677,173.4023010195665,35.453768730163574,210.98888694933677,173.4023010195665,35.64894199371338
210.98888694933677,173.4023010195665,35.81242847442627,210.98888694933677,173.4023010195665,35.9946973323822,210.27533484223835,172.68874891246807,36.17343354225159,210.27533484223835,172.68874891246807,36.3502984046936,210.27533484223835,172.68874891246807,36.52273368835449
210.27533484223835,172.68874891246807,36.696934938430786,210.27533484223835,172.68874891246807,36.87327694892883,210.27533484223835,172.68874891246807,37.0486273765564,210.27533484223835,172.68874891246807,37.22510075569153,209.91407473834914,171.65234618392634,37.38484025001526
209.91407473834914,171.65234618392634,37.56183862686157,209.91407473834914,171.65234618392634,37.736780643463135,209.91407473834914,171.65234618392634,37.92694878578186,209.91407473834914,171.65234618392634,38.101548194885254,209.91407473834914,171.65234618392634,38.30000448226929
209.91407473834914,171.65234618392634,38.4896981716156,209.91407473834914,171.65234618392634,38.68316078186035,209.91407473834914,171.65234618392634,38.85472869873047,209.20052263125075,170.93879407682795,39.02233171463013,209.20052263125075,170.93879407682795,39.20541191101074
208.41789349077314,170.83130756100286,39.39676308631897,208.41789349077314,170.83130756100286,39.5696337223053,208.41789349077314,170.83130756100286,39.74947810173035,208.41789349077314,170.83130756100286,39.92650270462036,208.41789349077314,170.83130756100286,40.10863900184631
208.41789349077314,170.83130756100286,40.28850436210632,208.41789349077314,170.83130756100286,40.454606771469116,207.3430812797855,169.0813527253627,40.62675642967224,207.3430812797855,169.0813527253627,40.810402393341064,207.3430812797855,169.0813527253627,40.985357999801636
207.3430812797855,169.0813527253627,41.159241676330566,207.3430812797855,169.0813527253627,41.33395838737488,207.3430812797855,169.0813527253627,41.51030993461609,207.3430812797855,169.0813527253627,41.68192529678345,207.3430812797855,169.0813527253627,41.84295201301575
207.3430812797855,169.0813527253627,42.00897169113159,207.3430812797855,169.0813527253627,42.18584895133972,207.3430812797855,169.0813527253627,42.35025954246521,206.9822258308638,168.72049727644097,42.529825925827026,206.9822258308638,168.72049727644097,42.7103807926178
206.9822258308638,168.72049727644097,42.87864685058594,206.9822258308638,168.72049727644097,43.05841374397278,206.9822258308638,168.72049727644097,43.234217166900635,206.8944897142136,168.6327611597908,43.38695764541626,206.8944897142136,168.6327611597908,43.57459282875061
432.69049073521023,352.51047023447,0.1846776008605957,428.19606860441206,348.0160481036719,0.35392141342163086,408.22488511774526,337.4821269658734,0.5204722881317139,402.93413546755124,332.1913773156794,0.6946003437042236,402.2919609674573,331.5492028155855,0.8961331844329834
375.50294309838034,305.4868745683102,1.0817108154296875,375.50294309838034,305.4868745683102,1.2607972621917725,375.50294309838034,305.4868745683102,1.4328386783599854,363.688470670562,295.10852569980244,1.617210865020752,363.688470670562,295.10852569980244,1.7912695407867432
347.0269823847996,288.68554033117846,1.9685568809509277,347.0269823847996,288.68554033117846,2.1376142501831055,341.0102472835527,284.4761231578956,2.3121542930603027,324.3925745414683,269.38081685217765,2.4891927242279053,321.3398006219113,266.3280429326206,2.651463031768799
321.3398006219113,266.3280429326206,2.823096752166748,321.3398006219113,266.3280429326206,3.0015201568603516,321.3398006219113,266.3280429326206,3.17718243598938,317.3753379679365,268.2905238787423,3.3507909774780273,317.3753379679365,268.2905238787423,3.520627021789551
316.8692134674187,264.22742722350506,3.7008004188537598,311.5460383084599,263.238742241234,3.8797194957733154,308.2512043396294,259.94390827240346,4.036728858947754,308.2512043396294,259.94390827240346,4.207798719406128,308.2512043396294,259.94390827240346,4.379357814788818
308.2512043396294,259.94390827240346,4.546154499053955,307.6026559460603,258.2145932259575,4.720890522003174,303.40747785308724,257.00993673597316,4.8984215259552,303.40747785308724,257.00993673597316,5.062098264694214,302.4522878839776,256.0547467668635,5.251908540725708
302.4522878839776,256.0547467668635,5.438478231430054,302.4522878839776,256.0547467668635,5.615803003311157,300.02293475887154,252.99938070419702,5.788092851638794,300.02293475887154,252.99938070419702,5.954127550125122,300.02293475887154,252.99938070419702,6.117947101593018
300.02293475887154,252.99938070419702,6.2861104011535645,300.02293475887154,252.99938070419702,6.459145784378052,299.0716930175002,252.52375983351132,6.632164239883423,299.0716930175002,252.52375983351132,6.81598687171936,299.0716930175002,252.52375983351132,7.037828683853149
299.0716930175002,252.52375983351132,7.2193989753723145,299.0716930175002,252.52375983351132,7.419142007827759,292.3530585403656,245.32950448569105,7.61201286315918,292.3530585403656,245.32950448569105,7.80814003944397,292.3530585403656,245.32950448569105,7.985593557357788
292.3530585403656,245.32950448569105,8.17599368095398,283.57276985558326,238.1994453247876,8.352716207504272,283.57276985558326,238.1994453247876,8.529592037200928,283.57276985558326,238.1994453247876,8.704548835754395,283.57276985558326,238.1994453247876,8.869147062301636
283.57276985558326,238.1994453247876,9.031349420547485,274.8510190564423,230.62967311739664,9.24409008026123,274.09844248344615,230.52956910628168,9.423006534576416,274.09844248344615,230.52956910628168,9.588998556137085,274.09844248344615,230.52956910628168,9.774736642837524
272.8910151016362,228.66966916259057,9.978729486465454,272.8910151016362,228.66966916259057,10.150544881820679,269.52355945189544,225.95468607473097,10.337079524993896,269.3104197126131,228.16610753343738,10.502115964889526,268.3213194487412,224.09997350969553,10.681770324707031
268.3213194487412,224.09997350969553,10.85236120223999,267.72519076065953,223.50384482161388,11.015182495117188,267.72519076065953,223.50384482161388,11.18504023551941,267.72519076065953,223.50384482161388,11.368455648422241,267.72519076065953,223.50384482161388,11.533179759979248
267.72519076065953,223.50384482161388,11.698124885559082,261.0757073515769,216.85436141253126,11.880212545394897,261.0757073515769,216.85436141253126,12.065682411193848,261.0757073515769,216.85436141253126,12.26838755607605,261.0757073515769,216.85436141253126,12.46562910079956
261.0475346804625,216.82618874141684,12.630367994308472,261.0475346804625,216.82618874141684,12.797722339630127,261.0475346804625,216.82618874141684,12.979722261428833,261.0475346804625,216.82618874141684,13.140983819961548,257.2057833300223,212.98443739097667,13.307811975479126
250.59250538774933,206.37115944870368,13.474046230316162,250.59250538774933,206.37115944870368,13.64698314666748,246.72258136619467,202.50123542714906,13.830629825592041,246.72258136619467,202.50123542714906,13.996908903121948,246.72258136619467,202.50123542714906,14.165040016174316
246.72258136619467,202.50123542714906,14.332074880599976,246.72258136619467,202.50123542714906,14.492085456848145,246.72258136619467,202.50123542714906,14.659613132476807,246.72258136619467,202.50123542714906,14.822974920272827,246.72258136619467,202.50123542714906,14.98708987236023
246.72258136619467,202.50123542714906,15.170501708984375,246.72258136619467,202.50123542714906,15.354358434677124,245.37857988400663,201.15723394496098,15.546407699584961,245.37857988400663,201.15723394496098,15.727253913879395,245.37857988400663,201.15723394496098,15.908626794815063
245.37857988400663,201.15723394496098,16.095571517944336,245.37857988400663,201.15723394496098,16.256821155548096,245.37857988400663,201.15723394496098,16.42983102798462,245.37857988400663,201.15723394496098,16.596580505371094,245.37857988400663,201.15723394496098,16.767701625823975
245.37857988400663,201.15723394496098,16.942118883132935,245.06669571947083,200.8453497804252,17.11417293548584,245.06669571947083,200.8453497804252,17.28745985031128,244.34758057012704,200.12623463108142,17.475236892700195,244.34758057012704,200.12623463108142,17.646971464157104
244.0356964055913,199.81435046654568,17.825823307037354,238.36607235231128,194.14472641326566,17.990462064743042,238.36607235231128,194.14472641326566,18.166357278823853,238.20196280416138,193.98061686511576,18.334137439727783,238.20196280416138,193.98061686511576,18.50243830680847
238.20196280416138,193.98061686511576,18.665042400360107,238.20196280416138,193.98061686511576,18.83166217803955,229.23842484216942,185.01707890312377,19.01045870780945,229.23842484216942,185.01707890312377,19.192548274993896,229.23842484216942,185.01707890312377,19.375016927719116
229.23842484216942,185.01707890312377,19.5617516040802,229.23842484216942,185.01707890312377,19.75128436088562,229.23842484216942,185.01707890312377,19.918057441711426,229.23842484216942,185.01707890312377,20.084763050079346,229.23842484216942,185.01707890312377,20.266687154769897
229.23842484216942,185.01707890312377,20.44754385948181,229.23842484216942,185.01707890312377,20.630911827087402,229.23842484216942,185.01707890312377,20.812159061431885,229.23842484216942,185.01707890312377,20.996108055114746,229.23842484216942,185.01707890312377,21.172147274017334
229.23842484216942,185.01707890312377,21.34656262397766,229.23842484216942,185.01707890312377,21.511269569396973,227.91217795738498,183.69083201833934,21.682141304016113,227.91217795738498,183.69083201833934,21.86642050743103,227.91217795738498,183.69083201833934,22.04893136024475
227.91217795738498,183.69083201833934,22.224639654159546,227.91217795738498,183.69083201833934,22.415063619613647,227.91217795738498,183.69083201833934,22.594043970108032,227.91217795738498,183.69083201833934,22.75825262069702,227.3841833278392,183.16283738879355,22.933937311172485
227.3841833278392,183.16283738879355,23.105380296707153,226.72866271283243,182.50731677378678,23.27261257171631,226.72866271283243,182.50731677378678,23.44128656387329,226.72866271283243,182.50731677378678,23.605183362960815,226.72866271283243,182.50731677378678,23.787903547286987
225.6976633989529,181.47631745990725,23.96345353126526,225.6976633989529,181.47631745990725,24.22208523750305,225.10705134624794,180.88570540720232,24.409703493118286,225.10705134624794,180.88570540720232,24.58602213859558,225.10705134624794,180.88570540720232,24.76922106742859
224.57905671670215,180.35771077765654,24.960261583328247,224.57905671670215,180.35771077765654,25.127798795700073,224.57905671670215,180.35771077765654,25.297648668289185,224.57905671670215,180.35771077765654,25.47599983215332,224.57905671670215,180.35771077765654,25.660542726516724
224.22554514655695,180.44495230735683,25.83264398574829,224.22554514655695,180.44495230735683,26.00268054008484,223.6975505170111,179.916957677811,26.174387216567993,223.6975505170111,179.916957677811,26.3714439868927,223.6975505170111,179.916957677811,26.537295818328857
223.6975505170111,179.916957677811,26.730032920837402,223.6975505170111,179.916957677811,26.904301404953003,223.6975505170111,179.916957677811,27.0790536403656,223.6975505170111,179.916957677811,27.255178451538086,223.6975505170111,179.916957677811,27.418724298477173
223.6975505170111,179.916957677811,27.625605821609497,223.6975505170111,179.916957677811,27.814393043518066,223.6975505170111,179.916957677811,27.99693775177002,223.4734847894448,179.6928919502447,28.167739868164062,223.4734847894448,179.6928919502447,28.352931261062622
223.4734847894448,179.6928919502447,28.522541522979736,223.4734847894448,179.6928919502447,28.71662402153015,223.4734847894448,179.6928919502447,28.896592617034912,223.4734847894448,179.6928919502447,29.075348615646362,222.26700036318437,179.06084555961266,29.266568183898926
222.26700036318437,179.06084555961266,29.452972173690796,222.26700036318437,179.06084555961266,29.62014937400818,222.26700036318437,179.06084555961266,29.79361867904663,222.26700036318437,179.06084555961266,29.968914270401,222.26700036318437,179.06084555961266,30.13855481147766
222.26700036318437,179.06084555961266,30.32135558128357,222.26700036318437,179.06084555961266,30.499225854873657,222.26700036318437,179.06084555961266,30.678540229797363,222.26700036318437,179.06084555961266,30.881749153137207,222.26700036318437,179.06084555961266,31.064676761627197
222.26700036318437,179.06084555961266,31.248550176620483,222.26700036318437,179.06084555961266,31.435277938842773,222.26700036318437,179.06084555961266,31.616195917129517,222.26700036318437,179.06084555961266,31.793443202972412,222.26700036318437,179.06084555961266,31.962350368499756
222.26700036318437,179.06084555961266,32.138667583465576,222.26700036318437,179.06084555961266,32.30827045440674,222.26700036318437,179.06084555961266,32.48868274688721,222.26700036318437,179.06084555961266,32.65970468521118,222.26700036318437,179.06084555961266,32.827205181121826
222.26700036318437,179.06084555961266,33.00109028816223,222.26700036318437,179.06084555961266,33.17570781707764,222.26700036318437,179.06084555961266,33.337438344955444,222.26700036318437,179.06084555961266,33.51085543632507,222.26700036318437,179.06084555961266,33.68711495399475
222.26700036318437,179.06084555961266,33.87430667877197,222.26700036318437,179.06084555961266,34.03908038139343,222.26700036318437,179.06084555961266,34.208141565322876,218.5742217563183,177.57874586907556,34.37860441207886,218.5742217563183,177.57874586907556,34.563087940216064
218.5742217563183,177.57874586907556,34.740861654281616,218.5742217563183,177.57874586907556,34.91729736328125,218.5742217563183,177.57874586907556,35.097188234329224,218.5742217563183,177.57874586907556,35.27616906166077,215.16148596007363,174.1660100728309,35.46402025222778
215.16148596007363,174.1660100728309,35.639912366867065,215.16148596007363,174.1660100728309,35.812490701675415,215.16148596007363,174.1660100728309,35.98671841621399,215.16148596007363,174.1660100728309,36.169477701187134,215.16148596007363,174.1660100728309,36.3413667678833
215.16148596007363,174.1660100728309,36.511826038360596,215.16148596007363,174.1660100728309,36.68567180633545,215.16148596007363,174.1660100728309,36.87516736984253,215.16148596007363,174.1660100728309,37.06146287918091,215.16148596007363,174.1660100728309,37.245259284973145
211.96036265254696,170.46968783300372,37.41867470741272,211.96036265254696,170.46968783300372,37.58205461502075,198.8468494759391,165.30134279904883,37.759400367736816,198.8468494759391,165.30134279904883,37.94258904457092,198.8468494759391,165.30134279904883,38.11411809921265
198.8468494759391,165.30134279904883,38.28987646102905,198.8468494759391,165.30134279904883,38.46925330162048,198.8468494759391,165.30134279904883,38.64604043960571,198.37701321682852,164.83150653993823,38.81777215003967,198.37701321682852,164.83150653993823,38.98714637756348
198.37701321682852,164.83150653993823,39.17722225189209,198.37701321682852,164.83150653993823,39.36313009262085,198.37701321682852,164.83150653993823,39.55346703529358,198.37701321682852,164.83150653993823,39.75838875770569,197.84423046720144,164.29872379031116,39.974008560180664
197.84423046720144,164.29872379031116,40.18537878990173,197.84423046720144,164.29872379031116,40.41099810600281,197.84423046720144,164.29872379031116,40.63501691818237,197.84423046720144,164.29872379031116,40.850829124450684,197.84423046720144,164.29872379031116,41.063729763031006
197.84423046720144,164.29872379031116,41.274173974990845,197.84423046720144,164.29872379031116,41.47245407104492,197.15928705555334,163.81071409826814,41.69146656990051,196.94265919246035,163.59408623517515,41.88653922080994,196.94265919246035,163.59408623517515,42.07234501838684
196.94265919246035,163.59408623517515,42.279709815979004,196.94265919246035,163.59408623517515,42.48295783996582,196.94265919246035,163.59408623517515,42.67215633392334,194.71920784737208,161.37063489008688,42.87320518493652,194.71920784737208,161.37063489008688,43.05988264083862
194.71920784737208,161.37063489008688,43.25134897232056,194.71920784737208,161.37063489008688,43.434316635131836,194.71920784737208,161.37063489008688,43.62781262397766,194.71920784737208,161.37063489008688,43.83092665672302,191.5623198485013,158.2137468912161,44.01997637748718
191.5623198485013,158.2137468912161,44.192564964294434,191.5623198485013,158.2137468912161,44.38292860984802,191.5623198485013,158.2137468912161,44.557942628860474,191.5623198485013,158.2137468912161,44.76078510284424,191.5623198485013,158.2137468912161,44.96512818336487
435.8007898664368,352.7481938543736,0.17997050285339355,425.9145022622655,351.75939264814076,0.3575477600097656,412.7400758693639,339.9250234369409,0.5178003311157227,401.2929699980724,334.00355852097414,0.692112922668457,398.07570352883806,328.63859048663073,0.8559529781341553
389.7442858565978,304.9474169318023,1.0254790782928467,387.9569291932618,322.87818960804475,1.204014778137207,387.9569291932618,322.87818960804475,1.3774082660675049,379.35958098185444,318.3841949918359,1.548591136932373,379.35958098185444,318.3841949918359,1.7066686153411865
369.46720348574564,310.03811061642705,1.8752436637878418,369.46720348574564,310.03811061642705,2.0380795001983643,332.7953158240256,263.8654019587493,2.209057092666626,332.7953158240256,263.8654019587493,2.368741750717163,332.7953158240256,263.8654019587493,2.5302040576934814
332.7953158240256,263.8654019587493,2.7003986835479736,327.83040983475036,259.1078711216404,2.866821050643921,315.07981223872093,250.8201323985055,3.0334177017211914,315.07981223872093,250.8201323985055,3.197932243347168,315.07981223872093,250.8201323985055,3.364884376525879
313.75441889655804,247.20940804640676,3.5451204776763916,311.33843051222317,247.07875067200774,3.729156494140625,307.5893418257947,243.32966198557926,3.8915393352508545,307.5893418257947,243.32966198557926,4.088236093521118,302.2982521049356,238.0385722647202,4.280409097671509
302.2982521049356,238.0385722647202,4.477393388748169,302.2982521049356,238.0385722647202,4.65119194984436,302.2982521049356,238.0385722647202,4.824345111846924,302.2982521049356,238.0385722647202,4.996500730514526,301.4424221825815,237.18274234236603,5.171039819717407
298.48818264040494,234.22850280018952,5.338214874267578,298.48818264040494,234.22850280018952,5.5148561000823975,297.8392819397312,233.5796020995158,5.679818630218506,297.8392819397312,233.5796020995158,5.84859824180603,297.66655172997855,231.22934402680443,6.020009756088257
292.9953481721315,228.78445408687037,6.184676885604858,292.9953481721315,228.78445408687037,6.379221439361572,291.7349256192135,227.47524577899813,6.55061149597168,291.7349256192135,227.47524577899813,6.728641510009766,291.7349256192135,227.47524577899813,6.923768997192383
291.5709647514288,227.4062421093889,7.101728439331055,291.5709647514288,227.4062421093889,7.27166485786438,286.24209115094004,222.0311970656789,7.44668436050415,286.24209115094004,222.0311970656789,7.627879619598389,286.1497482644976,221.98502562245767,7.8010759353637695
285.82068413405284,219.432262185833,8.007147789001465,280.29315628488735,213.9047343366675,8.227806806564331,280.29315628488735,213.9047343366675,8.414052486419678,280.29315628488735,213.9047343366675,8.616150617599487,280.29315628488735,213.9047343366675,8.788098812103271
280.29315628488735,213.9047343366675,8.979527711868286,280.29315628488735,213.9047343366675,9.15881061553955,280.29315628488735,213.9047343366675,9.329934120178223,280.29315628488735,213.9047343366675,9.487932443618774,280.29315628488735,213.9047343366675,9.648466110229492
280.29315628488735,213.9047343366675,9.82453179359436,280.29315628488735,213.9047343366675,10.000628232955933,274.4709794510408,208.08255750282098,10.176249742507935,274.4709794510408,208.08255750282098,10.349002838134766,274.4709794510408,208.08255750282098,10.513315677642822
274.4709794510408,208.08255750282098,10.6745023727417,272.3615505157615,205.97312856754166,10.840378284454346,269.5452660905378,203.15684414231794,11.006084442138672,269.5452660905378,203.15684414231794,11.188036918640137,269.5452660905378,203.15684414231794,11.347206592559814
269.5452660905378,203.15684414231794,11.514150857925415,268.0436805776847,201.65525862946487,11.67922568321228,267.2349209951595,200.84649904693964,11.844428777694702,262.64843524916495,196.2600133009451,12.028641939163208,262.64843524916495,196.2600133009451,12.20662784576416
262.64843524916495,196.2600133009451,12.390159130096436,262.1012063309459,195.71278438272603,12.56777286529541,262.1012063309459,195.71278438272603,12.761587619781494,262.1012063309459,195.71278438272603,12.971946001052856,262.1012063309459,195.71278438272603,13.148061513900757
262.1012063309459,195.71278438272603,13.319380283355713,260.54390880875366,194.15548686053378,13.487006902694702,260.54390880875366,194.15548686053378,13.646526098251343,259.99667989053455,193.6082579423147,13.820395946502686,259.99667989053455,193.6082579423147,13.994971513748169
259.5442986455047,193.1952435670215,14.169756412506104,255.12592051588575,188.7374985676659,14.34761667251587,255.12592051588575,188.7374985676659,14.513188123703003,255.12592051588575,188.7374985676659,14.683575630187988,255.12592051588575,188.7374985676659,14.849372863769531
255.12592051588575,188.7374985676659,15.017472982406616,251.3177912092993,184.9687361308161,15.186051368713379,251.3177912092993,184.9687361308161,15.34711217880249,251.3177912092993,184.9687361308161,15.515591144561768,251.309209948388,184.96015486990484,15.683231115341187
251.309209948388,184.96015486990484,15.852969884872437,251.309209948388,184.96015486990484,16.021775484085083,251.309209948388,184.96015486990484,16.199469327926636,251.309209948388,184.96015486990484,16.36913299560547,250.28287167121954,183.93381659273638,16.54606056213379
250.28287167121954,183.93381659273638,16.71277904510498,248.47429622542475,184.75474474337398,16.87484645843506,248.47429622542475,184.75474474337398,17.043733596801758,248.47429622542475,184.75474474337398,17.20509147644043,248.47429622542475,184.75474474337398,17.374374628067017
248.47429622542475,184.75474474337398,17.54184341430664,247.10122370095416,183.43360056606122,17.697616577148438,247.10122370095416,183.43360056606122,17.87175154685974,247.10122370095416,183.43360056606122,18.039700984954834,247.10122370095416,183.43360056606122,18.197461366653442
247.10122370095416,183.43360056606122,18.35682511329651,247.10122370095416,183.43360056606122,18.522571086883545,247.10122370095416,183.43360056606122,18.689859628677368,247.10122370095416,183.43360056606122,18.857892990112305,247.10122370095416,183.43360056606122,19.02851915359497
247.10122370095416,183.43360056606122,19.187487840652466,247.10122370095416,183.43360056606122,19.358765125274658,247.10122370095416,183.43360056606122,19.536052227020264,247.10122370095416,183.43360056606122,19.699207305908203,247.10122370095416,183.43360056606122,19.861849784851074
246.13640788216176,182.4687847472688,20.031020879745483,243.3163379799129,181.5411577055406,20.21660351753235,243.3163379799129,181.5411577055406,20.40067481994629,243.3163379799129,181.5411577055406,20.565167903900146,243.3163379799129,181.5411577055406,20.730578899383545
240.26710664920563,177.84515563274826,20.911664962768555,240.26710664920563,177.84515563274826,21.098299264907837,240.26710664920563,177.84515563274826,21.270487070083618,240.26710664920563,177.84515563274826,21.440425872802734,236.48222092816434,175.9527127722276,21.610193014144897
236.48222092816434,175.9527127722276,21.7785062789917,236.48222092816434,175.9527127722276,21.95229458808899,236.48222092816434,175.9527127722276,22.120088815689087,236.48222092816434,175.9527127722276,22.286494970321655,236.2853477293441,175.70391122624955,22.466967821121216
236.2853477293441,175.70391122624955,22.639235734939575,236.2853477293441,175.70391122624955,22.808417797088623,236.2853477293441,175.70391122624955,22.976951837539673,236.2853477293441,175.70391122624955,23.146839380264282,236.2853477293441,175.70391122624955,23.32518243789673
236.2853477293441,175.70391122624955,23.49168586730957,236.2853477293441,175.70391122624955,23.659539461135864,236.2853477293441,175.70391122624955,23.832504749298096,236.2853477293441,175.70391122624955,23.9954252243042,236.15719671209348,175.5757602089989,24.158272981643677
235.88049418484786,175.2990576817533,24.330199718475342,235.88049418484786,175.2990576817533,24.493289709091187,235.88049418484786,175.2990576817533,24.66163444519043,235.88049418484786,175.2990576817533,24.836836576461792,235.88049418484786,175.2990576817533,25.011377096176147
235.7523431675972,175.17090666450264,25.187299489974976,235.7523431675972,175.17090666450264,25.360698699951172,235.7523431675972,175.17090666450264,25.53323006629944,235.7523431675972,175.17090666450264,25.707059621810913,235.7523431675972,175.17090666450264,25.8728928565979
228.54498311029113,171.63130214447494,26.040717840194702,228.54498311029113,171.63130214447494,26.216953992843628,228.54498311029113,171.63130214447494,26.380729913711548,228.54498311029113,171.63130214447494,26.54901933670044,228.54498311029113,171.63130214447494,26.732276916503906
228.54498311029113,171.63130214447494,26.896416187286377,228.54498311029113,171.63130214447494,27.06420350074768,228.54498311029113,171.63130214447494,27.22551989555359,228.54498311029113,171.63130214447494,27.389779329299927,228.54498311029113,171.63130214447494,27.552254915237427
228.54498311029113,171.63130214447494,27.7243492603302,228.54498311029113,171.63130214447494,27.898520708084106,228.54498311029113,171.63130214447494,28.065383672714233,228.54498311029113,171.63130214447494,28.234933376312256,228.54498311029113,171.63130214447494,28.39749050140381
228.54498311029113,171.63130214447494,28.555821895599365,228.54498311029113,171.63130214447494,28.729918718338013,228.54498311029113,171.63130214447494,28.89666986465454,226.8571584052424,169.9434774394262,29.06420087814331,226.8571584052424,169.9434774394262,29.230406045913696
226.8571584052424,169.9434774394262,29.402395486831665,226.8571584052424,169.9434774394262,29.58226180076599,226.7802716154386,169.86659064962242,29.75087547302246,226.7802716154386,169.86659064962242,29.917738914489746,226.7802716154386,169.86659064962242,30.09727716445923
226.7802716154386,169.86659064962242,30.261542320251465,226.7802716154386,169.86659064962242,30.42733883857727,226.7802716154386,169.86659064962242,30.60436177253723,226.7802716154386,169.86659064962242,30.781620025634766,226.7802716154386,169.86659064962242,30.952062845230103
226.7802716154386,169.86659064962242,31.116056442260742,226.7802716154386,169.86659064962242,31.277422428131104,226.523567916849,169.60988695103282,31.45804524421692,226.523567916849,169.60988695103282,31.633585691452026,226.523567916849,169.60988695103282,31.793039321899414
226.523567916849,169.60988695103282,31.964929819107056,226.523567916849,169.60988695103282,32.11927247047424,226.523567916849,169.60988695103282,32.281800270080566,226.523567916849,169.60988695103282,32.456037759780884,226.523567916849,169.60988695103282,32.61134314537048
226.523567916849,169.60988695103282,32.769219636917114,226.523567916849,169.60988695103282,32.937864780426025,226.523567916849,169.60988695103282,33.097755670547485,226.523567916849,169.60988695103282,33.258408069610596,226.523567916849,169.60988695103282,33.42137145996094
226.523567916849,169.60988695103282,33.58086585998535,226.523567916849,169.60988695103282,33.74179553985596,226.523567916849,169.60988695103282,33.891971588134766,226.523567916849,169.60988695103282,34.05667972564697,226.523567916849,169.60988695103282,34.21656036376953
223.96780652519914,173.8943470881946,34.37756276130676,223.96780652519914,173.8943470881946,34.536149740219116,223.96780652519914,173.8943470881946,34.70700001716614,223.96780652519914,173.8943470881946,34.869038343429565,223.96780652519914,173.8943470881946,35.037917613983154
223.96780652519914,173.8943470881946,35.19985818862915,223.96780652519914,173.8943470881946,35.36706209182739,223.96780652519914,173.8943470881946,35.52106308937073,223.96780652519914,173.8943470881946,35.683972120285034,223.96780652519914,173.8943470881946,35.84053015708923
223.96780652519914,173.8943470881946,36.019122838974,223.96780652519914,173.8943470881946,36.19390058517456,223.96780652519914,173.8943470881946,36.355818033218384,223.96780652519914,173.8943470881946,36.53851056098938,223.96780652519914,173.8943470881946,36.72307896614075
223.96780652519914,173.8943470881946,36.89917063713074,223.96780652519914,173.8943470881946,37.11177158355713,223.96780652519914,173.8943470881946,37.31289052963257,223.96780652519914,173.8943470881946,37.511486291885376,223.96780652519914,173.8943470881946,37.69896578788757
223.96780652519914,173.8943470881946,37.86613178253174,223.96780652519914,173.8943470881946,38.05268096923828,223.96780652519914,173.8943470881946,38.22996258735657,222.04971110752595,172.02818001767923,38.40531325340271,222.04971110752595,172.02818001767923,38.58145618438721
222.04971110752595,172.02818001767923,38.76362419128418,222.04971110752595,172.02818001767923,38.953354358673096,222.04971110752595,172.02818001767923,39.113924503326416,222.04971110752595,172.02818001767923,39.29254484176636,222.04971110752595,172.02818001767923,39.46361589431763
222.04971110752595,172.02818001767923,39.64418077468872,222.04971110752595,172.02818001767923,39.81495952606201,222.04971110752595,172.02818001767923,39.988157749176025,222.04971110752595,172.02818001767923,40.15043616294861,222.04971110752595,172.02818001767923,40.3196382522583
222.04971110752595,172.02818001767923,40.49053645133972,221.62419023031504,171.60265914046832,40.66756296157837,221.62419023031504,171.60265914046832,40.83099579811096,221.62419023031504,171.60265914046832,40.99590873718262,221.62419023031504,171.60265914046832,41.16386079788208
221.62419023031504,171.60265914046832,41.33693552017212,221.62419023031504,171.60265914046832,41.51177906990051,221.62419023031504,171.60265914046832,41.67216873168945,221.62419023031504,171.60265914046832,41.84744572639465,221.62419023031504,171.60265914046832,42.03461790084839
221.62419023031504,171.60265914046832,42.19388484954834,221.62419023031504,171.60265914046832,42.36927127838135,221.62419023031504,171.60265914046832,42.55432343482971,221.62419023031504,171.60265914046832,42.736980676651,221.62419023031504,171.60265914046832,42.90141773223877
